{
    "took": 1,
    "timed_out": false,
    "_shards": {
        "total": 1,
        "successful": 1,
        "skipped": 0,
        "failed": 0
    },
    "hits": {
        "total": {
            "value": 48,
            "relation": "eq"
        },
        "max_score": 1.0,
        "hits": [
            {
                "_index": "dummy_index",
                "_id": "a004a191-31d2-421e-a514-7b1021c1fa78",
                "_score": 1.0,
                "_source": {
                    "fragmentTitleSuggest": "Change your password",
                    "fragmentTitle": "Change your password",
                    "shortDescriptionEmbedding": {
                        "screen": 0.10833981,
                        "your": 0.25542533,
                        "employee": 0.33904883,
                        "secure": 0.084712125,
                        "locker": 0.22147122,
                        "password": 1.8081923,
                        "bank": 1.4679917,
                        "ref": 0.18119782,
                        "download": 0.1534428,
                        "tab": 0.60902566,
                        "logo": 0.5529907,
                        "lock": 0.28576687,
                        "payment": 0.14815018,
                        "enter": 0.41391936,
                        "atm": 0.30341834,
                        "credit": 0.16996533,
                        "app": 1.2366228,
                        "unlock": 0.24133596,
                        "package": 0.07017952,
                        "banks": 0.4978296,
                        "need": 0.02335597,
                        "profile": 0.3446178,
                        "pay": 0.0013625871,
                        "check": 0.12738007,
                        "my": 0.25660905,
                        "badge": 0.07005527,
                        "transfer": 0.017841212,
                        "phone": 0.42572615,
                        "rama": 0.0037687244,
                        "deposit": 0.6430814,
                        "reset": 0.4834409,
                        "registration": 0.18375723,
                        "page": 0.343345,
                        "<": 0.49610278,
                        "card": 0.4657287,
                        "##ran": 0.19127671,
                        "loan": 0.30309987,
                        "log": 0.8957692,
                        "document": 0.17677124,
                        "save": 0.016617693,
                        "membership": 0.26183534,
                        "malaysia": 0.21489534,
                        "sun": 2.0494983,
                        "remove": 0.32574221,
                        "banking": 0.5169728,
                        "sid": 0.06429558,
                        "button": 0.52687705,
                        "into": 0.52355915,
                        "apple": 0.16918042,
                        "security": 0.24107811,
                        "sim": 0.33634704,
                        "identity": 0.18256456,
                        "company": 0.1893827,
                        "key": 0.47065103,
                        "##corp": 1.4197786,
                        "mask": 0.16309729,
                        "website": 0.2860379,
                        "wallet": 0.1888199,
                        "comply": 0.0431528,
                        "change": 0.8808061,
                        "mobile": 0.5741647,
                        "withdrawal": 0.18417348,
                        "p": 0.2777619,
                        "singapore": 0.11586622,
                        "application": 0.6684383,
                        "online": 0.8687141,
                        "user": 0.53441703,
                        "account": 0.7265595,
                        "finance": 0.0781604
                    },
                    "shortDescription": "<p>Change the password you use to log into the Suncorp Bank App</p>",
                    "model_id": ".elser_model_2",
                    "uuid": "a004a191-31d2-421e-a514-7b1021c1fa78",
                    "resultType": "selfServiceTask",
                    "url": "suncorp-marketplace://change-password",
                    "fragmentChannel": "app",
                    "tags": [
                        "support-hub:login",
                        "support-hub:suncorp-bank-app"
                    ]
                }
            },
            {
                "_index": "dummy_index",
                "_id": "d2fd3aba-d251-4e33-862e-4e42971e7cc0",
                "_score": 1.0,
                "_source": {
                    "fragmentTitleSuggest": "Close an account",
                    "fragmentTitle": "Close an account",
                    "shortDescriptionEmbedding": {
                        "cancel": 0.3592172,
                        "shut": 0.056496464,
                        "del": 0.42539752,
                        "section": 0.2909276,
                        "accounting": 0.4363345,
                        "your": 0.27478793,
                        "retirement": 0.63252944,
                        "employee": 0.1024967,
                        "loss": 0.0054575023,
                        "bank": 0.6851611,
                        "ref": 0.32643613,
                        "closing": 0.27919698,
                        "tab": 0.4116045,
                        "balance": 0.36280182,
                        "leave": 0.269922,
                        "tip": 0.16967733,
                        "payment": 0.136664,
                        "ren": 0.115242936,
                        "savings": 1.2397059,
                        "surrender": 0.30931947,
                        "termination": 0.21856163,
                        "item": 0.006700429,
                        "agreement": 0.03366583,
                        "last": 0.11658811,
                        "contract": 0.27921754,
                        "personal": 1.5055856,
                        "transactions": 0.5934747,
                        "my": 0.17993207,
                        "remaining": 0.32341912,
                        "important": 0.08959232,
                        "saving": 0.68611616,
                        "exit": 0.45158112,
                        "transfer": 0.12542607,
                        "stop": 0.48136085,
                        "fraud": 0.2730567,
                        "failure": 0.16222061,
                        "final": 0.0643983,
                        "deposit": 0.58967525,
                        "page": 0.5358977,
                        "<": 0.9891093,
                        "debt": 0.37048766,
                        ">": 0.23909019,
                        "status": 0.5335487,
                        "option": 0.052726712,
                        "denial": 0.115571246,
                        "trust": 0.10418249,
                        "sub": 1.3396579,
                        "deal": 0.09510503,
                        "penalty": 0.637827,
                        "advice": 0.22137043,
                        "document": 0.5590389,
                        "membership": 0.30286548,
                        "bankruptcy": 0.6737131,
                        "remove": 0.4919965,
                        "button": 0.4474284,
                        "default": 0.16616407,
                        "audit": 0.007417992,
                        "ira": 0.1768976,
                        "end": 0.7791627,
                        "close": 1.5487348,
                        "liquidation": 0.10319099,
                        "comply": 0.3527447,
                        "sell": 0.40210786,
                        "change": 0.13137798,
                        "withdrawal": 1.0603676,
                        "broker": 0.44532257,
                        "consolidation": 0.3673885,
                        "flu": 0.017905617,
                        "p": 0.744556,
                        "sale": 0.3495211,
                        "management": 0.26190114,